State,Year,Carbon_Emissions_MtCO2,GDP_BillionINR,Urbanization_Percent,Energy_Use_TWh
Andhra Pradesh,1980,55.71,4740.15,31.68,29.78
Arunachal Pradesh,1980,191.56,32180.58,52.51,178.61
Assam,1980,20.66,24293.3,42.56,15.13
Bihar,1980,168.72,24800.7,42.46,84.78
Chhattisgarh,1980,238.63,6955.01,38.83,209.29
Goa,1980,152.9,26522.7,58.86,91.69
Gujarat,1980,155.26,12754.47,36.63,134.28
Haryana,1980,123.69,27018.88,23.58,105.68
Himachal Pradesh,1980,160.5,29658.76,44.29,125.1
Jharkhand,1980,139.59,13021.91,38.03,105.65
Karnataka,1980,26.26,32380.88,29.82,16.9
Kerala,1980,192.87,18261,54.69,138.03
Madhya Pradesh,1980,46.27,7431.05,48.15,40.61
Maharashtra,1980,67.44,21388.96,20.08,49.95
Manipur,1980,201.66,10306.16,50.3,144.39
Meghalaya,1980,40.52,3266.78,54.64,41.04
Mizoram,1980,197.38,3514.11,43.39,142.38
Nagaland,1980,16.72,28555.8,22.97,11.18
Odisha,1980,246.71,22907.07,35.91,216.89
Punjab,1980,102.81,3834.16,21.07,87.7
Rajasthan,1980,122.32,28147,47.02,69.37
Sikkim,1980,244.51,4994.97,47.12,234.26
Tamil Nadu,1980,210.05,13584.83,17.97,233.88
Telangana,1980,124.95,28904.72,56.1,69.48
Tripura,1980,197.45,30463.3,56.56,219.49
Uttar Pradesh,1980,248.3,13249.08,29.09,155.91
Uttarakhand,1980,65.43,18241.24,57.55,70.35
West Bengal,1980,168.65,30648.66,37.32,176.28
Andhra Pradesh,1981,26.02,8350.93,31.4,16.61
Arunachal Pradesh,1981,20.98,8229.2,33.47,21.81
Assam,1981,137.99,22953.37,46.94,156.19
Bihar,1981,77.64,23231.95,22.84,39.57
Chhattisgarh,1981,158.04,17517.12,25.12,96.35
Goa,1981,111.54,16527.44,21.49,75.41
Gujarat,1981,226.47,9809.76,31.81,190.38
Haryana,1981,74.8,3645.89,25.12,47.67
Himachal Pradesh,1981,98.23,3206.29,31.93,112.15
Jharkhand,1981,193.29,8420.72,23.07,227.67
Karnataka,1981,92.25,16958.27,60.08,85.28
Kerala,1981,145.86,15768.62,25.36,132.21
Madhya Pradesh,1981,64.83,24861.95,53.72,38.91
Maharashtra,1981,226.12,5212.19,48.48,220.45
Manipur,1981,251.35,8490.38,27.51,148.18
Meghalaya,1981,222,17553.37,52.4,119.24
Mizoram,1981,25.53,4478.83,55.66,18.2
Nagaland,1981,41.54,24389.75,32.37,21.92
Odisha,1981,234.3,29904.15,19.53,240.16
Punjab,1981,131,8391.64,16.26,150.05
Rajasthan,1981,199.72,29453.15,52.06,229.75
Sikkim,1981,206.81,32502.5,56.15,156.57
Tamil Nadu,1981,218.62,7331.15,39.94,132.28
Telangana,1981,209.02,17195.17,36.63,127.17
Tripura,1981,101.6,4979.35,27.6,72.67
Uttar Pradesh,1981,53.39,27233.55,21.41,34.75
Uttarakhand,1981,130.89,30160.6,41.74,73.71
West Bengal,1981,195.9,11065.93,28.84,218.49
Andhra Pradesh,1982,210.22,18886.97,30.79,125.44
Arunachal Pradesh,1982,253.66,28100.56,45.67,282.94
Assam,1982,143.48,5437.16,31.78,82.53
Bihar,1982,39.91,25741.74,22.47,31.91
Chhattisgarh,1982,234.78,7044.7,33.05,251.58
Goa,1982,152.83,14685.76,56.39,103.45
Gujarat,1982,43.08,12020.67,24.15,40.93
Haryana,1982,142.46,22000.96,37.63,115.54
Himachal Pradesh,1982,80.28,12210.47,17.41,92.38
Jharkhand,1982,182.4,19398.33,35.15,184.71
Karnataka,1982,172.65,26010.01,33.22,126.7
Kerala,1982,57.42,20966.4,16.26,45.28
Madhya Pradesh,1982,131.75,7342.54,53.9,134.97
Maharashtra,1982,88.34,4751.35,52.97,61.37
Manipur,1982,45.68,30979.52,27.13,54.45
Meghalaya,1982,210.21,22012.81,23.27,190.14
Mizoram,1982,174.35,16817.36,26.11,117.71
Nagaland,1982,116.57,15677.12,29.65,67.74
Odisha,1982,158.83,15770.85,56.86,143.03
Punjab,1982,49.09,15175.22,31.81,27.82
Rajasthan,1982,238.51,16155.18,27.2,119.72
Sikkim,1982,94.16,25080.42,37.74,90.48
Tamil Nadu,1982,85.72,23907.97,45.7,69.74
Telangana,1982,98.04,3718.61,29.83,65.8
Tripura,1982,197.82,19328.2,43.59,141.91
Uttar Pradesh,1982,15.07,25356.66,37.75,13.95
Uttarakhand,1982,108.9,28854.68,28.35,69.05
West Bengal,1982,235.81,6107.95,16.02,268.57
Andhra Pradesh,1983,24.74,29724.36,35,23.82
Arunachal Pradesh,1983,26.44,16364.32,42.1,14.45
Assam,1983,15.66,14488.87,51.38,10.64
Bihar,1983,195.97,6003.01,50.08,203.85
Chhattisgarh,1983,237.99,7698.73,45.65,235.12
Goa,1983,64.86,6802.06,16.44,67.3
Gujarat,1983,138.02,7108.1,19.65,111.41
Haryana,1983,105.15,32154.15,56.42,59.87
Himachal Pradesh,1983,206.1,5582.11,30.49,147.37
Jharkhand,1983,90.92,31421.62,52.53,49.31
Karnataka,1983,239.77,8107.68,46.84,217.95
Kerala,1983,82.84,26654.88,31.26,83.76
Madhya Pradesh,1983,137.24,22642.85,58.98,106.59
Maharashtra,1983,51.26,20855.55,35.39,59.83
Manipur,1983,236.35,11772.71,25.22,145.79
Meghalaya,1983,248.85,19923.76,58.48,193.96
Mizoram,1983,241.61,7464.38,20.22,232.41
Nagaland,1983,32.29,36448.39,38.93,27.52
Odisha,1983,181.82,10015.28,19.83,157.84
Punjab,1983,247.12,3282.17,29.43,183.76
Rajasthan,1983,105.47,3798.03,39.69,75.4
Sikkim,1983,117.49,21597.58,19.78,65.19
Tamil Nadu,1983,245.27,34394.64,37.08,265.88
Telangana,1983,195.63,28854.96,58.81,100.47
Tripura,1983,220.58,15287.69,31.9,181.56
Uttar Pradesh,1983,112.22,7516.69,39.87,128.53
Uttarakhand,1983,34.73,35578.07,17.7,27.2
West Bengal,1983,126.95,33504.17,45.55,133.24
Andhra Pradesh,1984,41.7,30191.14,57.75,46.45
Arunachal Pradesh,1984,155.72,19773.88,32.89,123.49
Assam,1984,142.22,21729.42,38.11,170.38
Bihar,1984,114.85,18528.56,19.59,57.85
Chhattisgarh,1984,182.5,15447.9,46.5,183.13
Goa,1984,77.83,12252.27,46.15,53.9
Gujarat,1984,154.47,29606.62,28.31,87.1
Haryana,1984,154.64,3323.52,52.84,134.31
Himachal Pradesh,1984,244.92,16517.09,32.98,236.35
Jharkhand,1984,36.56,26179.5,41.01,43.23
Karnataka,1984,112.96,11666.09,29.99,113.15
Kerala,1984,28.76,21068.65,50.67,18.3
Madhya Pradesh,1984,182.29,15674.26,18.17,133.56
Maharashtra,1984,169.6,16608.84,22.42,119.02
Manipur,1984,48.19,28639.68,26.55,28.64
Meghalaya,1984,194.15,12557.32,60.66,231.45
Mizoram,1984,183.51,31216.24,32.66,132.24
Nagaland,1984,135.45,20144.57,45.77,135.13
Odisha,1984,127.57,10687.22,22.49,88.16
Punjab,1984,45.89,31443.99,38.96,47.34
Rajasthan,1984,185.55,32003.46,42.29,208.65
Sikkim,1984,144.9,3645.27,25.52,100.89
Tamil Nadu,1984,143.25,16843.4,44.87,79.67
Telangana,1984,46.71,34118.98,27.69,28.51
Tripura,1984,71.92,34123.6,23.37,71.59
Uttar Pradesh,1984,59.92,33093.63,42.23,51.37
Uttarakhand,1984,126.6,23569.51,54.24,144.63
West Bengal,1984,108.06,9553.89,39.54,87.76
Andhra Pradesh,1985,61.79,6481.37,30.02,72.27
Arunachal Pradesh,1985,69.58,10327.81,54.54,82.59
Assam,1985,93.09,7681.5,41.15,99.63
Bihar,1985,137.51,7631.14,27.75,70.12
Chhattisgarh,1985,90.43,29862.39,53.43,74.88
Goa,1985,69.52,34066.93,37.04,64.16
Gujarat,1985,102.31,7069.06,47.19,70.88
Haryana,1985,239.24,37059.69,45.21,145.12
Himachal Pradesh,1985,30.41,7804.46,45.07,26.16
Jharkhand,1985,88.55,28984.13,36.37,90.86
Karnataka,1985,192.37,16944.42,46.3,215.4
Kerala,1985,55.73,17306.96,32.38,62.91
Madhya Pradesh,1985,69.64,23855.31,29.79,77.26
Maharashtra,1985,174.09,32724.91,57.74,167.31
Manipur,1985,100.32,14969.79,27,85.79
Meghalaya,1985,55.44,28048.24,46.82,33.08
Mizoram,1985,156.27,16901.66,58.96,91.61
Nagaland,1985,135.96,22348.48,58.89,83.81
Odisha,1985,178.93,15340.83,27.84,151.17
Punjab,1985,239.09,25275.7,38.71,230.39
Rajasthan,1985,200.42,30815.16,44.48,197.52
Sikkim,1985,203.72,8165.94,27.61,232.31
Tamil Nadu,1985,231.15,10415.01,59.98,277.15
Telangana,1985,207.54,22779.21,41.24,218.19
Tripura,1985,201.86,28868.52,50.66,203.35
Uttar Pradesh,1985,210.85,6920.04,34.82,119.47
Uttarakhand,1985,185.68,29471.91,60.96,94.63
West Bengal,1985,229.88,19507.97,42.52,184.69
Andhra Pradesh,1986,34.7,19611.55,42.63,18.92
Arunachal Pradesh,1986,228.13,22907.22,31.58,175.27
Assam,1986,104.75,11622.17,27.83,64.09
Bihar,1986,70.56,3583.62,17.38,63.22
Chhattisgarh,1986,92.3,30809.3,22.4,79.03
Goa,1986,49,16745.52,46.41,33.45
Gujarat,1986,88.84,32310.53,28.36,94.11
Haryana,1986,194.14,26199.82,26.86,177.46
Himachal Pradesh,1986,43.94,13104.29,18.36,30.56
Jharkhand,1986,190.56,7497.08,27.03,119.67
Karnataka,1986,145.97,14407.95,24.83,94.31
Kerala,1986,236.07,33266.62,45.68,282.57
Madhya Pradesh,1986,61.98,22907.21,34.66,34.68
Maharashtra,1986,183.2,4011.74,39.17,187.34
Manipur,1986,240.58,20082.07,42.95,249.38
Meghalaya,1986,74.6,14364.57,57.9,44.8
Mizoram,1986,196.6,22069.31,20.43,132.61
Nagaland,1986,97.58,20732.84,35.16,67.83
Odisha,1986,149.64,8215.98,47.86,153.94
Punjab,1986,249.79,15881.16,48.71,178.28
Rajasthan,1986,120.08,11004.26,46.06,96.34
Sikkim,1986,122.01,6026.55,33.89,68.5
Tamil Nadu,1986,79.64,27054.58,37.54,86.97
Telangana,1986,214.07,10945.04,18.4,179.59
Tripura,1986,88.73,21896.38,26.19,45.31
Uttar Pradesh,1986,24.66,9540.03,19.03,16.68
Uttarakhand,1986,142.31,22895.33,33.22,136.89
West Bengal,1986,144.41,10423.9,56.23,94.44
Andhra Pradesh,1987,88.31,14313.36,49.33,70.87
Arunachal Pradesh,1987,219.59,31192.43,22.09,171.71
Assam,1987,158.28,35038.34,54.23,86.9
Bihar,1987,149.33,11124.79,44.7,94.52
Chhattisgarh,1987,102.82,32350.5,46.53,107.79
Goa,1987,149.78,17186.68,54.7,90.41
Gujarat,1987,183.46,21506.64,27.35,171.28
Haryana,1987,174.36,15767.43,46.67,111.03
Himachal Pradesh,1987,125.43,26723.44,51.29,83.02
Jharkhand,1987,36.84,22207.94,61.92,40.11
Karnataka,1987,79.32,18556.67,16.9,68.58
Kerala,1987,220.9,11548.16,36.71,130.26
Madhya Pradesh,1987,250.33,34286.5,60.59,287.67
Maharashtra,1987,35.53,25013.29,21.6,22.3
Manipur,1987,71.86,13631.98,22.4,60.17
Meghalaya,1987,168.84,28813.16,42.45,102.92
Mizoram,1987,44.18,30512.19,48.64,50.57
Nagaland,1987,136.97,4762.97,58.38,83.09
Odisha,1987,141.66,14121.35,34.81,156.15
Punjab,1987,84.53,12895.26,45.98,62.27
Rajasthan,1987,23.05,21815.13,35.74,14.46
Sikkim,1987,234.51,21469.14,50.98,245.5
Tamil Nadu,1987,50.03,31638.13,32.99,37.72
Telangana,1987,158.68,11003.97,24.01,105.02
Tripura,1987,134.72,23759.32,39.07,129.1
Uttar Pradesh,1987,48.77,10454.47,38.33,58.35
Uttarakhand,1987,42.61,11091.92,24.08,49.48
West Bengal,1987,66.11,14111.06,19.49,34.04
Andhra Pradesh,1988,207.99,8574.75,52.29,166.09
Arunachal Pradesh,1988,67.99,7475.65,61.75,39.71
Assam,1988,155.14,25994.55,42.75,102.93
Bihar,1988,172.41,33239.17,31.62,163.44
Chhattisgarh,1988,57.82,21954.87,51.3,37.17
Goa,1988,233,16185.41,53.73,149.63
Gujarat,1988,243.95,25841.29,27.12,125.05
Haryana,1988,24.44,32519.34,52.5,25.84
Himachal Pradesh,1988,96.21,5649.87,25.93,59.68
Jharkhand,1988,216.4,33820.92,55.79,144.78
Karnataka,1988,245.84,37651.02,29.21,286.51
Kerala,1988,86.25,24451.78,16.44,81.45
Madhya Pradesh,1988,153.35,20715.38,56.81,107.06
Maharashtra,1988,179.35,14111.76,35.41,122.56
Manipur,1988,224.58,30024.19,39.32,183.83
Meghalaya,1988,253.48,10045.69,29.45,135.42
Mizoram,1988,34.94,20165.22,56.48,21.69
Nagaland,1988,38.52,12771.46,61.72,21.31
Odisha,1988,98.84,32501.27,19.56,74.92
Punjab,1988,216.71,15718.34,57.95,187.86
Rajasthan,1988,94.79,5857.95,47.83,80.53
Sikkim,1988,73.79,15999.07,25.86,79
Tamil Nadu,1988,137.55,14986.96,17.02,137.9
Telangana,1988,196.73,33823.5,58.3,196.92
Tripura,1988,186.52,8082.64,56.12,107.96
Uttar Pradesh,1988,71.65,6548.71,24.1,77.18
Uttarakhand,1988,107.04,16693.7,52.9,63.43
West Bengal,1988,89.15,4607.16,40.35,48.6
Andhra Pradesh,1989,243.59,14546.91,32.15,275.52
Arunachal Pradesh,1989,175.56,34435.67,35.86,110.78
Assam,1989,132,18402.48,32.82,81.56
Bihar,1989,247.28,6039.53,57.83,133.06
Chhattisgarh,1989,59.67,37318.14,29.02,49.02
Goa,1989,118.56,12060.92,49.59,138.22
Gujarat,1989,218.22,16236.6,58.85,130.83
Haryana,1989,210.55,22430.26,24.42,117.2
Himachal Pradesh,1989,154.6,35185.12,61.09,161.63
Jharkhand,1989,104.03,23788.17,31.72,83.41
Karnataka,1989,207.36,27716.07,50.44,198.12
Kerala,1989,207.78,24882.71,45.6,208.33
Madhya Pradesh,1989,153.04,31544.13,31.21,180.53
Maharashtra,1989,134.27,17491.35,42.45,127.08
Manipur,1989,93.52,12757.57,44.15,110.22
Meghalaya,1989,247.21,12266.96,36.94,181.91
Mizoram,1989,116.24,26916.21,54.1,89.83
Nagaland,1989,179.38,21828.8,24.22,210.85
Odisha,1989,239.29,18018.52,52.42,141.61
Punjab,1989,257.9,6411.15,50.17,283.71
Rajasthan,1989,163.98,25086.07,60.84,186.11
Sikkim,1989,232.75,13463.26,28.63,278.72
Tamil Nadu,1989,153.72,21368.95,47.5,126.92
Telangana,1989,237.19,27076.78,56.75,252.48
Tripura,1989,33.89,12493.84,32.95,26.74
Uttar Pradesh,1989,242.26,10497.63,55.5,131.48
Uttarakhand,1989,189.98,19124.9,49.83,165.68
West Bengal,1989,192.58,15176.25,56.96,122.3
Andhra Pradesh,1990,62.47,6756.43,60.64,33.06
Arunachal Pradesh,1990,75.33,28530.61,53.95,87.15
Assam,1990,24.23,18618.3,51.01,12.48
Bihar,1990,157.25,22920.13,48.96,123.81
Chhattisgarh,1990,192.27,18346.95,40.76,116.23
Goa,1990,81.32,12323.19,47.03,76.22
Gujarat,1990,169.98,7428.08,57.77,166.7
Haryana,1990,177.15,21742.24,46.59,188.8
Himachal Pradesh,1990,33.25,34193.78,23.05,33.08
Jharkhand,1990,213.15,31174.91,25.18,174.13
Karnataka,1990,111.57,15824.2,36.76,91.04
Kerala,1990,204.76,6675.49,37.75,102.84
Madhya Pradesh,1990,25.36,25777.95,27.2,24.35
Maharashtra,1990,77.28,32135.29,27.67,55.78
Manipur,1990,231.06,12004.09,49.1,248.81
Meghalaya,1990,172.44,16905.02,47.01,203.86
Mizoram,1990,236.12,11636.86,50.55,252.62
Nagaland,1990,114.39,16370.75,26.15,93.07
Odisha,1990,248.08,36159.79,43.53,199.31
Punjab,1990,177.84,7672.72,20.1,136.01
Rajasthan,1990,181.93,31834.4,17.54,212.32
Sikkim,1990,141.64,34836.53,20.72,107.26
Tamil Nadu,1990,246.3,10226.14,59.99,291.53
Telangana,1990,262.86,20064.51,44.18,279.58
Tripura,1990,137.72,6576.32,29.95,97.03
Uttar Pradesh,1990,47.81,38349.74,43.81,24.52
Uttarakhand,1990,218.64,14123.74,39.24,109.52
West Bengal,1990,97.66,25870.51,19.48,112.15
Andhra Pradesh,1991,45.64,28917.03,50.98,27.99
Arunachal Pradesh,1991,237.17,12386.73,56.52,254.99
Assam,1991,113.68,16577.9,47.14,101.94
Bihar,1991,75.98,17873.43,31.99,39.53
Chhattisgarh,1991,74.43,9411.34,26.21,59.78
Goa,1991,102.78,14422.58,29.22,67.41
Gujarat,1991,126.2,16478.85,49.43,113.45
Haryana,1991,215.33,8975.2,48.6,204.98
Himachal Pradesh,1991,180.1,30098.77,47.91,161.63
Jharkhand,1991,37.39,26084.9,34.9,38.71
Karnataka,1991,145.04,33503.04,44.96,100.05
Kerala,1991,64.4,12157.69,25.88,44.2
Madhya Pradesh,1991,108.08,19777.94,44.86,122.91
Maharashtra,1991,144.22,28733.5,50.71,92.15
Manipur,1991,251.86,36683.81,23.98,191.9
Meghalaya,1991,181.6,31682.94,42.69,181.54
Mizoram,1991,167.56,24146.71,16.72,195.39
Nagaland,1991,41.13,25408.34,43.04,31.22
Odisha,1991,214.69,24670.17,40.19,219.66
Punjab,1991,182.81,30183.65,36.39,150.73
Rajasthan,1991,258.34,35347.69,20.73,256.51
Sikkim,1991,152.38,28401.11,55.86,145
Tamil Nadu,1991,41.02,11168.86,43.04,47.93
Telangana,1991,111.38,14449.36,42.95,87.92
Tripura,1991,37.5,30423.8,46.08,43.75
Uttar Pradesh,1991,109.63,26410,48.83,81.66
Uttarakhand,1991,248.13,22554.14,55.5,193.76
West Bengal,1991,184.84,11923.2,49.4,189.87
Andhra Pradesh,1992,190.03,15702.74,46.62,130.39
Arunachal Pradesh,1992,179.55,7026.08,53.65,203.91
Assam,1992,209.04,22750.9,58.92,223.21
Bihar,1992,91.22,25451.06,33.95,56.36
Chhattisgarh,1992,174.35,16650.97,21.18,117.26
Goa,1992,170.8,28865.69,50.97,182.21
Gujarat,1992,194.41,27867.92,21.08,164.08
Haryana,1992,80.69,13583.63,52.86,59.98
Himachal Pradesh,1992,158.66,12597.69,60.34,163.68
Jharkhand,1992,47.23,32701.7,40.72,37.66
Karnataka,1992,173.3,16027.93,53.24,147.45
Kerala,1992,65.75,12706.78,22.59,48.36
Madhya Pradesh,1992,241.53,19615.45,16.79,150.14
Maharashtra,1992,38.9,16833.03,41.86,27.91
Manipur,1992,217.08,20322.19,21.2,171.63
Meghalaya,1992,257.1,10349.98,49.61,173.63
Mizoram,1992,101.93,32187.62,45.73,109.13
Nagaland,1992,67.16,35197.44,37.2,69.77
Odisha,1992,39.3,35953.69,18.39,27.57
Punjab,1992,60.94,11421.03,40.64,64.14
Rajasthan,1992,48.32,32803.08,45.95,32.5
Sikkim,1992,221.37,22771.27,52.72,225.94
Tamil Nadu,1992,81.51,30397.89,26.88,95.77
Telangana,1992,173.86,15675.57,29.44,130.85
Tripura,1992,37.24,22001.41,56.82,36.21
Uttar Pradesh,1992,251.43,26584.77,60.04,209.52
Uttarakhand,1992,98.78,18656.72,61.72,117.76
West Bengal,1992,84.62,25662.99,50.15,52.43
Andhra Pradesh,1993,251.54,14540.44,46.21,266.55
Arunachal Pradesh,1993,248.9,19588.38,24.48,203.69
Assam,1993,128.62,19009.8,42.67,95.13
Bihar,1993,191.71,19547.04,41.92,179.11
Chhattisgarh,1993,165.65,17924.23,26.32,85.84
Goa,1993,65.03,39506.36,60.42,40.59
Gujarat,1993,47.46,33111.1,59.38,32.15
Haryana,1993,261.86,21123.49,49.97,293.85
Himachal Pradesh,1993,37.96,16456.13,54.02,27.59
Jharkhand,1993,196.07,34589.3,57.92,177.4
Karnataka,1993,220.06,34653.17,56.55,186.94
Kerala,1993,144.67,5758.52,39.72,100.13
Madhya Pradesh,1993,80.9,34665.93,26.14,57.24
Maharashtra,1993,52.98,4184.86,58.75,49.97
Manipur,1993,134.11,32642.65,55.12,148.97
Meghalaya,1993,129.93,36125.64,59.11,77.58
Mizoram,1993,29.98,34128.4,30.78,35.59
Nagaland,1993,167.27,24349.51,43.2,106.57
Odisha,1993,50.92,26507.98,16.95,56.24
Punjab,1993,183.8,17648.75,54.02,202.06
Rajasthan,1993,217.32,23677.78,32.73,193.63
Sikkim,1993,244.86,29883.84,29.6,292.2
Tamil Nadu,1993,142.45,8555.42,48.03,74.05
Telangana,1993,188.26,18007.2,51.45,115.89
Tripura,1993,102.84,27478.95,58.08,119.57
Uttar Pradesh,1993,123.98,33979.7,36.9,99.73
Uttarakhand,1993,148.09,15729.76,24.72,148.1
West Bengal,1993,143.52,25836.58,18.63,125.78
Andhra Pradesh,1994,109,20255.78,38.87,59.26
Arunachal Pradesh,1994,48.94,38025.34,29.3,38
Assam,1994,199.29,21655.93,62.33,153.24
Bihar,1994,193.53,34658.6,43.55,207.95
Chhattisgarh,1994,163.73,9651.6,34.28,172.22
Goa,1994,35.31,21045.21,18.7,24.85
Gujarat,1994,138.02,35538.8,52.38,80.86
Haryana,1994,78.18,24800.18,53.38,54.98
Himachal Pradesh,1994,70.22,14452.6,39.99,83.64
Jharkhand,1994,251.73,33252.5,42.64,255.82
Karnataka,1994,268.9,25366.2,59.73,135.8
Kerala,1994,71.67,20501.95,24.01,45.03
Madhya Pradesh,1994,113.3,31815.7,44.72,86.12
Maharashtra,1994,153.07,8424.61,50.05,128.65
Manipur,1994,170.05,26252.13,26.22,179.89
Meghalaya,1994,137.91,23576.41,62.91,144.88
Mizoram,1994,160.48,7198.6,31.96,146.06
Nagaland,1994,117.37,36301.37,53.33,65.96
Odisha,1994,121.99,16996.87,44.11,99.83
Punjab,1994,120.58,19076.43,24.01,77.35
Rajasthan,1994,95.53,19199.66,48.88,98.76
Sikkim,1994,69.91,8597.43,49.96,81.66
Tamil Nadu,1994,253.41,8943.57,53,191.7
Telangana,1994,187.25,31610.86,39.73,182.23
Tripura,1994,196.58,12886.03,49.19,233.78
Uttar Pradesh,1994,145.79,24272.42,24.51,124.34
Uttarakhand,1994,19.54,12009.42,49.08,16.5
West Bengal,1994,144.66,8892.27,52.88,160.68
Andhra Pradesh,1995,193.49,24626.4,44.17,149.14
Arunachal Pradesh,1995,19.15,30313.68,44.76,19.1
Assam,1995,30.02,19996.3,58.61,26.36
Bihar,1995,88.18,30192.12,63.03,53.72
Chhattisgarh,1995,26.91,26793.17,19.38,30.15
Goa,1995,117.23,12849.16,50.16,81.37
Gujarat,1995,65.5,22826.45,58.69,46.07
Haryana,1995,198.3,33655.1,29.42,195.65
Himachal Pradesh,1995,189.94,22910.46,54.1,116.74
Jharkhand,1995,151.25,29036.9,44.06,84.44
Karnataka,1995,260.87,26752.7,23.69,304.8
Kerala,1995,107.82,36873.08,47.09,78.34
Madhya Pradesh,1995,144.89,18844.47,49.18,98.2
Maharashtra,1995,90.47,30839.61,50.84,83.43
Manipur,1995,146.94,26442.48,50.12,106.63
Meghalaya,1995,125.01,27151.58,43.54,118.85
Mizoram,1995,129.99,12240.67,43.1,108.56
Nagaland,1995,260.44,30460.35,24.38,208.15
Odisha,1995,137.42,37096.08,26.99,162.44
Punjab,1995,45.1,31640.39,34.07,29.96
Rajasthan,1995,130.94,30292.18,36.69,125.62
Sikkim,1995,172.98,34018.91,21.01,188.9
Tamil Nadu,1995,80.15,11814.12,28.66,74.67
Telangana,1995,232.5,12383.17,45.31,214.14
Tripura,1995,134.01,6699.93,49.73,151.96
Uttar Pradesh,1995,241.54,33518.42,21.23,157.7
Uttarakhand,1995,200.34,20498.86,53.49,177.92
West Bengal,1995,170.12,15043.35,24.13,95.84
Andhra Pradesh,1996,248.84,28686.37,21.1,238.46
Arunachal Pradesh,1996,233.01,17365.81,20.71,124.25
Assam,1996,66.16,29500.03,29.86,35.29
Bihar,1996,175.73,12292.62,60.98,90.5
Chhattisgarh,1996,194.28,29313.28,30.85,150.42
Goa,1996,231.32,11097.21,35.34,255.39
Gujarat,1996,123.67,14978.82,57.31,106.62
Haryana,1996,59.84,28294.2,44.22,41.63
Himachal Pradesh,1996,128.39,8705.64,49.57,86.53
Jharkhand,1996,123.43,29433.81,44.61,134.93
Karnataka,1996,149.15,7816.39,54.93,93.58
Kerala,1996,191.88,30856.23,51.76,200.05
Madhya Pradesh,1996,128.24,38382.38,21.51,91.05
Maharashtra,1996,258.84,15701.08,47.03,286.11
Manipur,1996,60.69,27713.31,17.55,56.42
Meghalaya,1996,216.42,7389.78,43.88,193.28
Mizoram,1996,92.05,21513.85,25.87,54.88
Nagaland,1996,151.92,16869.55,35.07,130.55
Odisha,1996,118.47,42126.87,30.74,122
Punjab,1996,236.58,11548.54,38.62,156.57
Rajasthan,1996,180.86,23320.52,44.3,170.17
Sikkim,1996,226.28,19447.79,33.37,250.6
Tamil Nadu,1996,259.48,23522.19,54.52,293.86
Telangana,1996,149.03,34009.51,41.96,135.91
Tripura,1996,225.61,25377.92,29.65,264.47
Uttar Pradesh,1996,176.41,14720.9,37.85,186.68
Uttarakhand,1996,34.8,26138.32,45.91,39.86
West Bengal,1996,213.9,40684.25,31.17,252.63
Andhra Pradesh,1997,42.78,20657.16,18.57,23.42
Arunachal Pradesh,1997,58.83,21378.75,43.49,34.01
Assam,1997,87.34,20645.38,39.77,68.6
Bihar,1997,234.53,23339.65,28.61,249.4
Chhattisgarh,1997,105.54,17924.41,46.86,116.79
Goa,1997,44.93,27718.74,57.21,44.17
Gujarat,1997,235.03,22474.61,40.13,182.57
Haryana,1997,220.73,12972.27,50.49,128.88
Himachal Pradesh,1997,204.03,32762.7,30.25,219.07
Jharkhand,1997,195.62,17694.46,19.75,199.93
Karnataka,1997,204.64,26443.4,48.39,165.08
Kerala,1997,80.03,28708.89,53.24,79.34
Madhya Pradesh,1997,193.06,30320.81,56.08,129.48
Maharashtra,1997,110.71,22584.96,23.46,75
Manipur,1997,249.05,17977.3,31.2,234.14
Meghalaya,1997,122.57,35641.31,31.1,62.35
Mizoram,1997,46.46,33355.96,58.56,51.86
Nagaland,1997,162.7,22948.96,60.03,106.16
Odisha,1997,251.28,40768.2,28.22,261.17
Punjab,1997,237.85,11918.64,35.95,264.75
Rajasthan,1997,112.06,11066.44,54.34,94.75
Sikkim,1997,31.46,6900.51,49.92,35.9
Tamil Nadu,1997,205.3,38677.5,21.5,120.08
Telangana,1997,150.36,6310.39,24.23,77.06
Tripura,1997,56.87,38551.54,39.39,63.38
Uttar Pradesh,1997,74.69,26519.38,42.95,66.66
Uttarakhand,1997,255.11,27005.26,20.74,250.76
West Bengal,1997,88.74,39665.4,25.81,47.14
Andhra Pradesh,1998,176.56,30206.93,52.2,146.75
Arunachal Pradesh,1998,256.82,27608.32,62.47,187.54
Assam,1998,114.9,16449.8,48.89,105.76
Bihar,1998,236.69,35567.84,55.59,227.37
Chhattisgarh,1998,64.58,29187.65,44.42,33.71
Goa,1998,170.33,9232.29,25.98,123.39
Gujarat,1998,223.74,16718.64,19.75,124.72
Haryana,1998,51.1,34214.02,25.4,57.04
Himachal Pradesh,1998,264.25,34018.48,40.6,205.76
Jharkhand,1998,144.33,34827.17,33.24,151.93
Karnataka,1998,99.6,12584.79,54.99,104.93
Kerala,1998,161.37,27298.64,46.18,125.1
Madhya Pradesh,1998,262.08,33454.81,30.47,172.71
Maharashtra,1998,224,18303.97,52.84,188.79
Manipur,1998,121.72,33236.42,20.2,74.78
Meghalaya,1998,176.41,33532.81,41.1,157.11
Mizoram,1998,239.91,26773.34,56.06,281.72
Nagaland,1998,117.02,26818.65,47.81,78.11
Odisha,1998,142.61,27704.85,47.69,87.87
Punjab,1998,63.95,39555.36,49.77,56.08
Rajasthan,1998,175.61,4776.1,27.24,96.32
Sikkim,1998,90.68,33120.36,42.74,105.87
Tamil Nadu,1998,178.18,35705.09,61.53,89.63
Telangana,1998,210.82,19219.89,34.61,197.12
Tripura,1998,40.44,13781.62,42.87,42.75
Uttar Pradesh,1998,170.32,34967.48,40.5,130.79
Uttarakhand,1998,118.22,18283.04,22.36,116.92
West Bengal,1998,271.16,22380.11,28.12,245.42
Andhra Pradesh,1999,165.64,27415.73,36.36,116.39
Arunachal Pradesh,1999,236.53,27969.9,31.94,206.47
Assam,1999,50.91,36821.4,35.71,57.12
Bihar,1999,175.12,40058.77,53.93,201.7
Chhattisgarh,1999,167.19,21621.41,28.05,152.35
Goa,1999,96.21,37105.95,58.31,109.9
Gujarat,1999,159.34,28120.6,37.04,118.03
Haryana,1999,115.96,12771.56,27.58,103.62
Himachal Pradesh,1999,112.69,11833.56,55.43,110.54
Jharkhand,1999,79.36,35328.69,63.58,82.32
Karnataka,1999,154.04,21019.25,62.46,116.1
Kerala,1999,156.32,30697.8,44.25,87.6
Madhya Pradesh,1999,107.62,28062.89,54.85,126.8
Maharashtra,1999,154.48,38175.1,39.6,137.1
Manipur,1999,210.38,7526.63,33.74,202.89
Meghalaya,1999,213.32,37718.9,35.05,219.21
Mizoram,1999,188.11,30924.77,21.28,185.19
Nagaland,1999,131.44,40722.43,58.31,70.64
Odisha,1999,61.92,41617.31,24.01,67.15
Punjab,1999,150.69,34469.31,59.56,179.55
Rajasthan,1999,239.15,36103.65,19.29,184.98
Sikkim,1999,130.78,12295.3,33.32,125.77
Tamil Nadu,1999,95.36,24775.57,20.76,95.23
Telangana,1999,32.35,29397.93,29.39,17.58
Tripura,1999,112.59,16064.65,16.28,105.55
Uttar Pradesh,1999,35.51,32178.67,45.13,23.76
Uttarakhand,1999,105.27,23667.61,58.27,125.43
West Bengal,1999,117.45,3517.47,56.14,81.14
Andhra Pradesh,2000,239.22,31515.67,53.59,255.24
Arunachal Pradesh,2000,44.6,13575.88,44.05,22.61
Assam,2000,185.45,40557.45,48.4,192.52
Bihar,2000,160.04,29133.8,56.8,133.25
Chhattisgarh,2000,97.48,9610.24,36.33,94.84
Goa,2000,129.24,23651.55,16.44,66.27
Gujarat,2000,111.97,20939.68,61.1,106.45
Haryana,2000,269.09,37090.31,27.49,276.81
Himachal Pradesh,2000,195.57,32394.88,34.27,196.59
Jharkhand,2000,195.12,34348.26,25.81,140.62
Karnataka,2000,145.16,17729.21,24.48,138.4
Kerala,2000,261.4,21870.93,40.44,227.6
Madhya Pradesh,2000,59.81,39370.33,46.37,58.6
Maharashtra,2000,261.28,20065.49,21.55,227.11
Manipur,2000,140,39229.31,60.95,73.66
Meghalaya,2000,80.5,19017.06,54.2,58.81
Mizoram,2000,179.19,20394.32,31.74,107.72
Nagaland,2000,106.43,38371.7,47.4,93.88
Odisha,2000,78.08,10379.95,34.25,41.3
Punjab,2000,243.61,10432.93,29.99,214.03
Rajasthan,2000,156.67,29543.94,41.97,134.85
Sikkim,2000,67.95,11003.83,21.03,71.11
Tamil Nadu,2000,68.55,40625.98,46.13,60.88
Telangana,2000,142.4,34732.98,37.5,95.04
Tripura,2000,183.06,24789.47,27.61,218.77
Uttar Pradesh,2000,180.58,18725.89,33.02,127.33
Uttarakhand,2000,220.75,18142.99,53.95,240.66
West Bengal,2000,52.54,4498.97,33.82,35.38
Andhra Pradesh,2001,93.15,15787.04,34.7,105.27
Arunachal Pradesh,2001,125.04,19750.1,45.71,143.02
Assam,2001,124.52,11973.4,59.42,116.67
Bihar,2001,103.22,21918.2,61.8,92.87
Chhattisgarh,2001,65.22,8410.28,56.42,77.69
Goa,2001,251.76,13477.4,56.68,259.44
Gujarat,2001,61.85,25227.08,23.75,57.9
Haryana,2001,178.96,20055.1,45.17,200.78
Himachal Pradesh,2001,63.85,16377.81,25.93,64.62
Jharkhand,2001,231.35,17734.84,23,137.26
Karnataka,2001,63.56,29161.18,22.52,55.96
Kerala,2001,113.39,38745.71,60.44,82.8
Madhya Pradesh,2001,227.76,11794.99,49.84,262.56
Maharashtra,2001,278.72,35597.59,63.78,220.07
Manipur,2001,142.96,16275.66,18.6,90.65
Meghalaya,2001,122.49,27736.56,46.78,105.19
Mizoram,2001,206.99,14048.68,43.88,132.85
Nagaland,2001,221.04,33622.66,48.69,220.26
Odisha,2001,253.18,13682.77,27.07,128.33
Punjab,2001,236.21,24639.98,47.05,184.98
Rajasthan,2001,184.54,22323.46,35.23,174.06
Sikkim,2001,62.81,26341.63,24.61,56.72
Tamil Nadu,2001,241.27,13924.09,59.67,166.54
Telangana,2001,255.8,25997.47,35.86,167.89
Tripura,2001,138.36,37702.49,56.24,158.35
Uttar Pradesh,2001,37.2,13810.21,52.31,20.81
Uttarakhand,2001,97.18,34075.67,36.76,112.41
West Bengal,2001,44.49,38510.06,48.97,31.16
Andhra Pradesh,2002,96.32,13833.7,58.59,79.3
Arunachal Pradesh,2002,206.69,15535.04,50.48,247.28
Assam,2002,104.23,36473.58,23.6,95.03
Bihar,2002,53.85,7380.11,33.49,27.83
Chhattisgarh,2002,126.57,26112.75,35.18,116.52
Goa,2002,160.86,9340.62,57.8,144.55
Gujarat,2002,125.27,17138.35,59.49,149.68
Haryana,2002,207.83,37786.91,19.92,185.41
Himachal Pradesh,2002,151.62,21012.67,17.79,158.96
Jharkhand,2002,143.85,9066.51,38.16,170.64
Karnataka,2002,201.16,27941.67,26.46,159.11
Kerala,2002,281.77,34102.42,51.19,237.31
Madhya Pradesh,2002,260.52,35238.72,41.41,186.09
Maharashtra,2002,191.03,32956.3,34.8,198.63
Manipur,2002,104.43,35239.2,23.83,111.59
Meghalaya,2002,154.33,26081.19,21.81,123.93
Mizoram,2002,43.73,37764.89,37.15,47.68
Nagaland,2002,150.37,42497.95,34.96,83.44
Odisha,2002,214.84,26637.71,41.34,251.41
Punjab,2002,141.62,35371.27,38.51,152.75
Rajasthan,2002,198.32,18016.09,36.37,194.28
Sikkim,2002,250.88,22574.55,54.01,179.31
Tamil Nadu,2002,234.8,25873.14,29.53,267.04
Telangana,2002,145.29,36570.28,58.84,123.9
Tripura,2002,241.47,39058.86,19.89,161.41
Uttar Pradesh,2002,192.07,16861.54,43.8,204.63
Uttarakhand,2002,126.74,35617.56,35.44,74.03
West Bengal,2002,218.99,28832.86,35.3,253.89
Andhra Pradesh,2003,284.99,24514.43,26.89,332.66
Arunachal Pradesh,2003,171.39,42069.33,56.41,199.12
Assam,2003,113.03,15972.67,30.47,122.87
Bihar,2003,50.1,19452.12,46.49,47.06
Chhattisgarh,2003,182.58,37385.87,61.88,110.21
Goa,2003,94.16,26143.62,24.74,82.52
Gujarat,2003,177.87,19303.79,25.89,161.89
Haryana,2003,172.65,6964.95,62.89,182.22
Himachal Pradesh,2003,222.57,13698.18,30.18,252.39
Jharkhand,2003,88.51,30689.18,22.39,78.51
Karnataka,2003,107.97,40822.61,46.75,86.88
Kerala,2003,55.76,33475.96,18.66,59.87
Madhya Pradesh,2003,46.21,46293.38,50.02,26.95
Maharashtra,2003,36.57,37431.92,40.6,29.13
Manipur,2003,165.56,34439.79,54.4,119.53
Meghalaya,2003,231.6,42121.09,23.23,135.6
Mizoram,2003,58.28,31006.19,50.64,66.79
Nagaland,2003,151.3,11011.46,60.18,169.19
Odisha,2003,155.95,17880.76,41.62,186.77
Punjab,2003,145.84,34582.95,46.02,149.09
Rajasthan,2003,228.05,12500.48,55.74,182.34
Sikkim,2003,50.12,22520.86,33.11,51.12
Tamil Nadu,2003,151.74,35733.45,29.8,123.84
Telangana,2003,256.59,33635.1,49.39,267.43
Tripura,2003,277.39,21342.47,61.76,193.12
Uttar Pradesh,2003,104.52,24661.65,19.54,113.64
Uttarakhand,2003,113.49,31526.22,21.42,66.77
West Bengal,2003,229.96,16955.16,50.58,135.75
Andhra Pradesh,2004,194.75,26244.42,25.31,108.49
Arunachal Pradesh,2004,240.32,24289.68,40.13,157.5
Assam,2004,221.45,10174.68,29.03,215.23
Bihar,2004,140.82,28280.69,60.29,93.25
Chhattisgarh,2004,258.67,8970.58,22.81,186.06
Goa,2004,77.65,12108.32,43.91,65.87
Gujarat,2004,111.29,23465.53,56.97,107.6
Haryana,2004,190.61,26677.66,61.7,148.06
Himachal Pradesh,2004,191.86,22934.88,32.95,120.32
Jharkhand,2004,89.85,16955,22.09,57.08
Karnataka,2004,33.84,28494.93,64.12,22.87
Kerala,2004,233.21,37459.08,40.43,230.55
Madhya Pradesh,2004,63.4,33517.13,45,66.51
Maharashtra,2004,163.57,11170.75,46.01,166.82
Manipur,2004,107.94,24696.35,43.09,69.17
Meghalaya,2004,125.04,15355.31,61.38,89.41
Mizoram,2004,182.17,29938.98,20.9,181.38
Nagaland,2004,234.74,25673.24,59.96,203.46
Odisha,2004,144.39,19326.85,45.17,152.45
Punjab,2004,253.64,34207.5,38.9,287.63
Rajasthan,2004,149.58,40546.52,61.39,89.34
Sikkim,2004,267.36,24603.44,65.48,254.99
Tamil Nadu,2004,94.31,28289.99,23.06,87.19
Telangana,2004,62.39,36327.5,38.18,59.5
Tripura,2004,31.6,27963.7,61.38,32.15
Uttar Pradesh,2004,136.25,29995.12,27.92,116.93
Uttarakhand,2004,254.43,11180.32,23.41,279.75
West Bengal,2004,257.05,8188.45,37.31,288.77
Andhra Pradesh,2005,151.08,10331.57,57.87,113.11
Arunachal Pradesh,2005,212.77,35479.26,40.05,238.61
Assam,2005,271.51,38578.33,26.91,273.17
Bihar,2005,95.14,15489.57,22.64,48.49
Chhattisgarh,2005,175.35,41028.72,26.51,176.98
Goa,2005,253.07,37324.69,59.74,206.71
Gujarat,2005,84.18,17609,40.07,45.39
Haryana,2005,109.72,24353.13,58.58,77.56
Himachal Pradesh,2005,84.07,38186.92,62.5,59.56
Jharkhand,2005,182.31,15927.67,55.02,93.91
Karnataka,2005,238.59,34926.97,53.9,211.63
Kerala,2005,204.48,43170.77,39.33,193.95
Madhya Pradesh,2005,232.9,17296.56,55.74,217.43
Maharashtra,2005,156.99,18391.9,38.39,184.58
Manipur,2005,205.04,17096.2,40.61,196.67
Meghalaya,2005,221.09,21443.32,39.68,222.98
Mizoram,2005,159.55,22150.03,48.35,116.67
Nagaland,2005,194.6,38389.12,37.77,142.69
Odisha,2005,229.65,34643.42,24.99,192.52
Punjab,2005,277.56,8142.21,55.18,239.57
Rajasthan,2005,73.32,38298.21,33.48,55.36
Sikkim,2005,231.66,42807.01,42.26,203.65
Tamil Nadu,2005,163.32,27747.57,41.62,95.31
Telangana,2005,224.27,5800.85,47.87,245
Tripura,2005,202.31,10620.78,25.48,180.52
Uttar Pradesh,2005,242.01,40678.87,47.75,198.18
Uttarakhand,2005,89.56,23975.96,22.06,103.71
West Bengal,2005,71.09,28971.19,29.38,54.16
Andhra Pradesh,2006,225.72,37211.99,51.2,138.43
Arunachal Pradesh,2006,244.92,21990.55,53.58,205.05
Assam,2006,85.26,18090.4,41.28,94.94
Bihar,2006,87.14,23085.2,54.17,63.47
Chhattisgarh,2006,85.12,6237.92,25.24,60.14
Goa,2006,101.79,28408.96,44.32,87.05
Gujarat,2006,260.97,12225.05,25.78,189.87
Haryana,2006,196.34,21401.73,29.16,169.45
Himachal Pradesh,2006,172.99,33873.01,62.99,192.9
Jharkhand,2006,161.95,11526.15,37.73,135.25
Karnataka,2006,97.53,27116.86,23.01,103.75
Kerala,2006,245.55,33145.27,47,237.08
Madhya Pradesh,2006,255.09,31608.54,24.76,239.81
Maharashtra,2006,100.45,27419.74,23.82,54.85
Manipur,2006,198.04,5986.34,22.14,167.26
Meghalaya,2006,76.42,32705.03,55.58,78.72
Mizoram,2006,270.54,26320.61,53.07,235.97
Nagaland,2006,161.59,26636.06,28.57,148.44
Odisha,2006,219.48,20706.25,49.68,230.76
Punjab,2006,253.75,10644.36,38.67,236.23
Rajasthan,2006,206.65,14511.3,28.62,220.27
Sikkim,2006,59.84,31892.88,47.95,61.65
Tamil Nadu,2006,237.86,9137.19,37.48,191.68
Telangana,2006,160.28,29880.35,34.09,178.89
Tripura,2006,60.42,11825.93,25.45,35.73
Uttar Pradesh,2006,253.69,15209.2,50.08,145.83
Uttarakhand,2006,199.93,31442.18,26.75,124.14
West Bengal,2006,184.42,33147.4,49.78,180.8
Andhra Pradesh,2007,240.27,19533.59,58.6,223.19
Arunachal Pradesh,2007,73.59,32040.21,46.27,45.49
Assam,2007,151.93,33522.41,49.82,103.16
Bihar,2007,138.15,18157,35.93,100.86
Chhattisgarh,2007,126.06,26311.28,28.89,81.69
Goa,2007,187.6,37823.02,45.64,215.79
Gujarat,2007,163.17,28278.88,25.12,109.58
Haryana,2007,212.69,21505.08,28.85,182.51
Himachal Pradesh,2007,141.9,13800.23,50.75,107.12
Jharkhand,2007,285.48,26419.14,34.72,211.58
Karnataka,2007,120.26,29812.85,22.57,129.3
Kerala,2007,138.76,40032.05,28.38,143.67
Madhya Pradesh,2007,146.32,30377.95,28.42,158.33
Maharashtra,2007,226.42,38856.2,40.9,134.51
Manipur,2007,237.97,40438.24,65.67,265.43
Meghalaya,2007,77.72,31081.27,45.37,51.86
Mizoram,2007,170.98,44724.91,21.25,159.35
Nagaland,2007,84.29,11942.86,26.2,71.32
Odisha,2007,236.22,16569.98,19.03,235.69
Punjab,2007,146.68,34074.2,34.11,107.29
Rajasthan,2007,239.33,28238.35,59.42,165.91
Sikkim,2007,79.95,14546,56.66,49.65
Tamil Nadu,2007,72.54,39444.27,59.37,52.96
Telangana,2007,163.73,11283.17,21.49,181.21
Tripura,2007,190.99,28529.13,38.89,103.81
Uttar Pradesh,2007,133.98,11501.41,38.92,102.95
Uttarakhand,2007,128.43,31004.47,43.62,141.32
West Bengal,2007,149.04,12556.87,37.94,126.99
Andhra Pradesh,2008,86.66,22728.27,58.89,87.02
Arunachal Pradesh,2008,257.75,29916.56,33.99,289.18
Assam,2008,196.74,22041.7,61.78,195.46
Bihar,2008,72.17,24258.72,43.44,37.3
Chhattisgarh,2008,244.57,25941.38,41.25,247.04
Goa,2008,123.65,31100.01,56.09,134.05
Gujarat,2008,135.92,37028.47,58.91,121.23
Haryana,2008,62.14,25514.14,54.97,38.03
Himachal Pradesh,2008,270.43,38956.54,50.27,230.44
Jharkhand,2008,116.09,8460.28,27.66,58.87
Karnataka,2008,160.45,37215.23,39.57,176.94
Kerala,2008,198.86,35058.79,46.73,177.85
Madhya Pradesh,2008,106.86,33365.55,54.9,92.34
Maharashtra,2008,237.17,40786.31,27.04,162.89
Manipur,2008,213.75,15257.36,26.17,120.2
Meghalaya,2008,204.58,33210.91,46.1,117.08
Mizoram,2008,238.27,17446.19,53.78,168.95
Nagaland,2008,133.06,30878.95,25.93,101.36
Odisha,2008,122.34,16942.74,23.96,96.41
Punjab,2008,190.54,25990.95,43.08,131.77
Rajasthan,2008,161.35,31291.65,28.61,112.89
Sikkim,2008,279.14,15258.35,55.81,268.01
Tamil Nadu,2008,185.69,19373.92,56.6,161.75
Telangana,2008,291.32,19831.47,44.24,283.48
Tripura,2008,186.82,28232.16,29.17,166.85
Uttar Pradesh,2008,184.72,12248.49,46.25,220.22
Uttarakhand,2008,286.23,36702.01,49.36,208.93
West Bengal,2008,275.71,22824.43,48.82,199.6
Andhra Pradesh,2009,127.44,45823.79,65.16,137.06
Arunachal Pradesh,2009,115.92,23813.41,27.82,113.69
Assam,2009,291.54,41351.59,44.56,249
Bihar,2009,57.95,39720.9,33.13,53.47
Chhattisgarh,2009,113.77,22418.86,51.21,83.31
Goa,2009,75.37,42104.16,29.4,72.78
Gujarat,2009,56.34,41413.36,36.99,55.95
Haryana,2009,243.4,23076.39,41.31,144.01
Himachal Pradesh,2009,251.18,23505.9,26.83,178.8
Jharkhand,2009,142.8,23346.72,33.22,164.27
Karnataka,2009,102.72,38484.79,31.86,122.89
Kerala,2009,213.13,33957.17,43.06,160.55
Madhya Pradesh,2009,98.28,21936.39,34.53,96.92
Maharashtra,2009,278.95,26876.92,33.94,171.53
Manipur,2009,263.06,13386,58.32,209.06
Meghalaya,2009,102.13,37144.58,40.42,84.33
Mizoram,2009,220.53,40414.67,25.74,232.64
Nagaland,2009,267.85,33336,55.69,210.42
Odisha,2009,74.14,25787.32,35.63,73.12
Punjab,2009,129.29,15215.38,61.23,103.44
Rajasthan,2009,239.95,23595.45,50.85,122.55
Sikkim,2009,255.62,34646.23,31.81,272.88
Tamil Nadu,2009,219.04,13284,59.37,129.15
Telangana,2009,215.09,10705.51,61.99,196.83
Tripura,2009,115.5,16218.81,46.71,124.14
Uttar Pradesh,2009,73.35,9705.91,39.44,62.14
Uttarakhand,2009,152.55,15949.96,33.7,156.3
West Bengal,2009,208.6,23300.61,45.9,228.31
Andhra Pradesh,2010,64.35,28520.62,58.43,53.3
Arunachal Pradesh,2010,200.46,41475.87,30.24,126.66
Assam,2010,283.73,24483.52,17.03,216.9
Bihar,2010,194.59,26819.86,57.46,212.73
Chhattisgarh,2010,96.46,12047.57,56.67,86.27
Goa,2010,112.25,35660.09,18.81,112.22
Gujarat,2010,68.52,32812.67,48.18,82.06
Haryana,2010,114.05,20583.72,51.01,57.95
Himachal Pradesh,2010,100.35,20509.2,59.26,53.88
Jharkhand,2010,85.61,20314.46,66.14,89.83
Karnataka,2010,77.64,28451.94,52.79,53.08
Kerala,2010,193.5,37115.16,59.55,104.94
Madhya Pradesh,2010,208.1,23279.14,61.68,134.38
Maharashtra,2010,242.04,33672.15,54.61,264.83
Manipur,2010,226.44,31363.62,25.12,145.95
Meghalaya,2010,101.93,29202.78,36.3,51.03
Mizoram,2010,150.21,33746.95,44.67,105.13
Nagaland,2010,123.26,17502,41.36,81.49
Odisha,2010,92.57,43510.14,56.13,91.63
Punjab,2010,105.58,24369.58,59.73,69.26
Rajasthan,2010,273.93,38268.57,20.64,191.07
Sikkim,2010,277.38,31205.6,54.23,173.43
Tamil Nadu,2010,283.73,39141.21,45.06,176.28
Telangana,2010,242.31,24907.09,34.18,270.16
Tripura,2010,215.34,28703.47,59.56,123.51
Uttar Pradesh,2010,91.61,29447.65,45.75,98.54
Uttarakhand,2010,182.45,22441.61,26.05,155.03
West Bengal,2010,249.06,22454.96,38.75,133.99
Andhra Pradesh,2011,168.46,30576.51,39.22,136.76
Arunachal Pradesh,2011,127.14,8532.02,31.96,89.79
Assam,2011,152.19,18082.7,22.75,93.59
Bihar,2011,278.88,37720.56,41.23,296.62
Chhattisgarh,2011,76.56,34873.56,43.53,55.75
Goa,2011,74.39,13348.9,33.56,45.94
Gujarat,2011,122.45,25295.84,30.93,108.85
Haryana,2011,160.97,15992.98,57.57,178.8
Himachal Pradesh,2011,214.12,29533.49,37.5,108.21
Jharkhand,2011,98.9,26885.22,24.96,67.81
Karnataka,2011,184.78,34256.91,36.01,173.82
Kerala,2011,103.12,25963.27,53.23,75.92
Madhya Pradesh,2011,173.59,40861.07,17.52,145.78
Maharashtra,2011,94.66,24631.72,51.52,107.66
Manipur,2011,215.97,17471.33,32.29,241.39
Meghalaya,2011,41.04,12831.02,37.13,34.98
Mizoram,2011,83.95,37804.31,60.34,96.21
Nagaland,2011,99.7,35213.71,48.42,50.07
Odisha,2011,242.43,30595.74,25.98,282.72
Punjab,2011,112.9,43072.64,46.95,64.97
Rajasthan,2011,219.36,24592.39,23.4,197.45
Sikkim,2011,276.31,16308.33,31.1,240.87
Tamil Nadu,2011,176.74,23248.17,32.51,205.22
Telangana,2011,70.64,14851.76,54.24,77.45
Tripura,2011,154.62,37387.04,58.87,172.67
Uttar Pradesh,2011,141.75,5220.55,34.67,121.2
Uttarakhand,2011,59.75,23734.43,51.43,35.13
West Bengal,2011,84.37,34897.24,64.28,44.58
Andhra Pradesh,2012,220.17,13910.69,61.19,260.52
Arunachal Pradesh,2012,224.69,49112.66,24.75,153.4
Assam,2012,203.06,9655.44,63.79,185.15
Bihar,2012,66.68,9767.07,41,54.77
Chhattisgarh,2012,217.37,15649.65,46.9,119.35
Goa,2012,160.03,32116.51,48.6,82.83
Gujarat,2012,175.61,22697.38,61.3,165.89
Haryana,2012,255.29,14671.45,67.26,299.92
Himachal Pradesh,2012,217.89,27917.71,48.57,244.56
Jharkhand,2012,82.26,36577.2,39.51,42.32
Karnataka,2012,137.12,10935.33,21.7,155.73
Kerala,2012,262.99,18825.49,67.3,136.83
Madhya Pradesh,2012,260.66,37289.74,66.59,154.9
Maharashtra,2012,121.23,33508.11,31.84,124.33
Manipur,2012,270.62,14998.42,36.69,314.52
Meghalaya,2012,159.46,23414.49,32.34,114.12
Mizoram,2012,194.87,32981.18,52.13,156.79
Nagaland,2012,201.71,29246.82,46.47,172.89
Odisha,2012,121.2,35803.01,29.53,87.6
Punjab,2012,226.78,28684.31,61.06,208.85
Rajasthan,2012,231.98,27948.45,49.97,139.7
Sikkim,2012,164.68,34293.95,35.34,105.11
Tamil Nadu,2012,156.5,25487.99,28.79,90.71
Telangana,2012,89.42,22979.5,58.32,48.33
Tripura,2012,70.83,24437.66,33.44,57.48
Uttar Pradesh,2012,106.03,36006.47,27.97,70.5
Uttarakhand,2012,242.44,20839.65,66.01,189.34
West Bengal,2012,50.4,23848.04,32.4,32.43
Andhra Pradesh,2013,240.35,22292.47,49.27,141.99
Arunachal Pradesh,2013,68.6,38876.11,44.17,51.58
Assam,2013,180.08,17368.5,37.77,139.54
Bihar,2013,261.27,18145.38,39.27,291.33
Chhattisgarh,2013,189.08,18915.24,28.17,214.03
Goa,2013,127.01,15465.81,22.85,68.49
Gujarat,2013,194.58,20346.65,24.17,131.69
Haryana,2013,101.8,8893.05,43.6,103.85
Himachal Pradesh,2013,236.67,10367.37,41.83,155.23
Jharkhand,2013,188.52,20534.13,44.57,175.35
Karnataka,2013,195.47,9247.44,42.41,164.82
Kerala,2013,159.32,43453.33,47.25,183.7
Madhya Pradesh,2013,68.13,27509.38,55.93,73.31
Maharashtra,2013,159.52,30223.76,27.5,170.54
Manipur,2013,160.44,23228.71,42.68,97.51
Meghalaya,2013,180.94,17909.53,32.02,198.17
Mizoram,2013,155.51,22517.98,51.04,154.48
Nagaland,2013,247.99,17948.69,51.63,163.01
Odisha,2013,255.16,37234.76,32.37,174.57
Punjab,2013,101.27,27488.97,27.44,89.7
Rajasthan,2013,141.84,40640.25,30.49,153.09
Sikkim,2013,274.77,31353.77,29.41,184.49
Tamil Nadu,2013,301.94,16850.79,59.34,152.31
Telangana,2013,240.16,28605.83,60.41,182.46
Tripura,2013,185.01,19805.5,53.25,152.91
Uttar Pradesh,2013,40.91,30291.78,26.41,45.29
Uttarakhand,2013,243.54,36809.34,40.22,189.89
West Bengal,2013,236.36,14302.81,46.85,167.43
Andhra Pradesh,2014,136.4,37625.4,54.21,92.55
Arunachal Pradesh,2014,184.68,22090.45,30.89,217.13
Assam,2014,182.62,26929.63,50.25,111.11
Bihar,2014,239.11,19228.22,41.05,153.06
Chhattisgarh,2014,110.69,40786.53,56.64,58.73
Goa,2014,52.16,31617.65,53.57,46.22
Gujarat,2014,230.25,38754.73,44.55,185.63
Haryana,2014,185.79,13072.83,58.7,176.56
Himachal Pradesh,2014,143.54,32279.47,24.02,158.02
Jharkhand,2014,109.59,33047.8,60.23,118.83
Karnataka,2014,116.25,24500.06,69.16,92.14
Kerala,2014,134.69,22427.47,48.33,148.37
Madhya Pradesh,2014,277.6,13841.93,55.27,233.6
Maharashtra,2014,73.18,32453.98,27.72,83.62
Manipur,2014,261.05,33901.14,53.66,187.13
Meghalaya,2014,87.16,31803.8,28.76,80.03
Mizoram,2014,74.61,24363.95,51.5,67.28
Nagaland,2014,91.4,14222.75,19.13,106.61
Odisha,2014,107.88,9892.02,45.86,109.24
Punjab,2014,275.05,33886.32,50.88,285.36
Rajasthan,2014,293.55,29673.37,62.88,257.61
Sikkim,2014,259.54,31381.35,63.6,259.31
Tamil Nadu,2014,234.84,45026.68,45.96,184.71
Telangana,2014,213.83,40729.83,37.11,131.01
Tripura,2014,222.86,15340.69,39.35,226.08
Uttar Pradesh,2014,100.39,44738.17,23.97,62.19
Uttarakhand,2014,217.06,34233.55,50.72,127.96
West Bengal,2014,100.63,8557.43,22.45,72.18
Andhra Pradesh,2015,250.88,37726.59,23.24,217.91
Arunachal Pradesh,2015,61.73,27521.01,60.42,47.06
Assam,2015,213.51,27664.5,40.91,150.19
Bihar,2015,174.54,24501.96,41.89,139.36
Chhattisgarh,2015,85.01,17387.49,33.03,73.9
Goa,2015,151.47,46108.52,39.95,140.32
Gujarat,2015,157.25,39076.86,25.77,102.36
Haryana,2015,140.88,21655.23,38.34,162.87
Himachal Pradesh,2015,84.87,31280.86,37.04,45.84
Jharkhand,2015,157.18,38126.63,60.67,113.22
Karnataka,2015,68.59,46014.78,34.28,60
Kerala,2015,174.22,27016.39,30.37,197.77
Madhya Pradesh,2015,227.79,20258.1,54.77,139.85
Maharashtra,2015,264.47,24311.16,24.77,137.26
Manipur,2015,75.36,32152.06,26.87,40.26
Meghalaya,2015,178.84,28178.8,31.32,158.22
Mizoram,2015,92.4,22306.68,62.3,89.57
Nagaland,2015,254.58,39584.98,51.93,179.19
Odisha,2015,170.5,23454.23,28.54,173
Punjab,2015,94,24868.78,61.49,69.29
Rajasthan,2015,248.38,6725.31,54.45,169.08
Sikkim,2015,161.31,29803.15,54.36,82.38
Tamil Nadu,2015,109.47,35858.17,51.94,79.04
Telangana,2015,303.63,28759.83,51.26,339.1
Tripura,2015,315.08,39700.56,45.11,161.07
Uttar Pradesh,2015,55.46,27367.79,25.35,35.71
Uttarakhand,2015,227.2,14398.92,27.53,234.94
West Bengal,2015,181.14,25542.86,59.72,174.27
Andhra Pradesh,2016,148.55,10763.86,24.34,162.22
Arunachal Pradesh,2016,289.26,49746.32,44.41,311.5
Assam,2016,66.1,31628.79,33.86,42.18
Bihar,2016,238.55,22716.6,31.67,153.05
Chhattisgarh,2016,101.71,22320.09,58.2,93.39
Goa,2016,129.55,40193.77,26.59,117.66
Gujarat,2016,106.84,14270.19,53.06,68.08
Haryana,2016,90.67,40258.8,47.12,67.54
Himachal Pradesh,2016,167.59,35754.96,49.63,200.99
Jharkhand,2016,262.44,31723.67,19.6,138.55
Karnataka,2016,166.93,29851.21,52.49,192.36
Kerala,2016,286.48,35125.72,28.97,249.2
Madhya Pradesh,2016,112.88,19955.94,30,96.33
Maharashtra,2016,229.62,18367.48,57.28,237.9
Manipur,2016,129.61,30109.11,34.39,142.75
Meghalaya,2016,221.13,30962.15,23,248.23
Mizoram,2016,252.98,33881.94,20.87,177.25
Nagaland,2016,193.74,28075.76,48.25,155.67
Odisha,2016,206.29,29816.38,56,222.66
Punjab,2016,149.12,49823.68,39.04,161.92
Rajasthan,2016,223.66,21881.18,65.56,135.51
Sikkim,2016,167.15,21744.03,57.68,129.13
Tamil Nadu,2016,137.8,10208.24,34.51,137.97
Telangana,2016,110.55,32207.28,31.84,129.69
Tripura,2016,221.55,27164.06,41.36,118.69
Uttar Pradesh,2016,264.1,9408.84,47.63,275.97
Uttarakhand,2016,199.87,19275.82,63.32,129.18
West Bengal,2016,256.4,34166.94,59.88,179.98
Andhra Pradesh,2017,128,24082.22,29.42,106.28
Arunachal Pradesh,2017,230.69,11131.03,62.72,175.89
Assam,2017,216.83,14242.22,51.07,153.6
Bihar,2017,297.41,31841.86,37.83,213.62
Chhattisgarh,2017,224.59,29909.94,40.44,141.05
Goa,2017,236.79,5504.19,48.65,194.78
Gujarat,2017,150.22,45072.77,57.57,93.36
Haryana,2017,82.21,13884.28,38.11,95.09
Himachal Pradesh,2017,233.83,24035.04,52.11,211.58
Jharkhand,2017,201.69,28314.27,40.69,125.12
Karnataka,2017,104.61,44924.92,36.17,109.99
Kerala,2017,182.65,31761.42,35.39,190.47
Madhya Pradesh,2017,165.41,24385.73,26.93,190.07
Maharashtra,2017,243.42,17520.66,33.94,176.32
Manipur,2017,236.3,39721.44,22.44,188.55
Meghalaya,2017,223.15,29204.03,51.06,140.54
Mizoram,2017,234.95,17923.17,23.58,119.98
Nagaland,2017,143.88,46410.88,40.83,105.38
Odisha,2017,221.26,43398.92,36.54,116.53
Punjab,2017,203.94,18247.61,40.56,209.17
Rajasthan,2017,182.1,14442.35,49.78,199.1
Sikkim,2017,72.61,27391.91,60.79,60.34
Tamil Nadu,2017,114.09,39010.01,27.2,98.33
Telangana,2017,84.66,38861.71,41.64,99.3
Tripura,2017,267.91,28360.04,42.4,244.34
Uttar Pradesh,2017,58.13,51769.84,28.11,31.09
Uttarakhand,2017,158.78,38188.92,40.09,118.73
West Bengal,2017,140.6,27685.56,36.47,109.73
Andhra Pradesh,2018,241.04,35658.46,21.03,218.17
Arunachal Pradesh,2018,260.28,40707.07,47.39,199.27
Assam,2018,90.31,23562.58,38.02,57.41
Bihar,2018,160.31,4619.62,49.52,84.07
Chhattisgarh,2018,128.95,40261.59,26.29,114.68
Goa,2018,91.79,18031.51,58.96,57.28
Gujarat,2018,171.04,35048.73,56.02,175.35
Haryana,2018,240.78,35251.65,63.71,275.32
Himachal Pradesh,2018,111.91,39086.68,45.45,58.45
Jharkhand,2018,68,27984.36,42.77,34.62
Karnataka,2018,94.84,21084.8,53.85,98.31
Kerala,2018,157.45,37473.86,27.2,119.48
Madhya Pradesh,2018,210.8,25705.13,51.95,221.33
Maharashtra,2018,273.14,23519.67,53.98,159.87
Manipur,2018,223.86,30430.36,64.66,264.45
Meghalaya,2018,240.09,39156.27,31.47,159.68
Mizoram,2018,85.15,8488.47,23.05,79.92
Nagaland,2018,168.23,38705.63,37.02,96.76
Odisha,2018,89.68,27740.74,50.01,82.26
Punjab,2018,103.84,25270.66,42.63,104.4
Rajasthan,2018,135.41,6848.39,29.3,101.86
Sikkim,2018,86.99,28400.71,50.9,97
Tamil Nadu,2018,235.19,32025.36,31.12,202.19
Telangana,2018,181.53,41990.94,33.01,192.86
Tripura,2018,234.33,42374.92,40.1,222.03
Uttar Pradesh,2018,176.36,20234.98,54.42,137.94
Uttarakhand,2018,40.67,28014.28,47.38,37.61
West Bengal,2018,111.97,10304.6,28.52,75.05
Andhra Pradesh,2019,80.4,26946.56,21.57,43.6
Arunachal Pradesh,2019,233.53,14895.53,29.41,250.05
Assam,2019,109.23,25349.05,58.69,64.01
Bihar,2019,96.09,16667.29,25.1,85.32
Chhattisgarh,2019,93.42,37844.81,55,90.19
Goa,2019,140.3,6824.14,50.05,95.89
Gujarat,2019,242.93,26708.91,56.31,129.04
Haryana,2019,257.79,21058.44,48.82,222.26
Himachal Pradesh,2019,229.71,52923.94,58.78,252.06
Jharkhand,2019,88.22,16745.86,59.65,49.34
Karnataka,2019,278.5,30815.26,67.47,221.69
Kerala,2019,91.12,19570.83,66.6,77.25
Madhya Pradesh,2019,168.8,28512.97,51.23,181.23
Maharashtra,2019,205.7,25933.33,25.48,151.03
Manipur,2019,194.07,36485.41,65.25,130.76
Meghalaya,2019,207.03,40978.88,59.88,114.01
Mizoram,2019,317.69,20551.94,47.79,316.52
Nagaland,2019,128.77,40537.3,34.76,118.3
Odisha,2019,160.13,48801.96,54.61,159.27
Punjab,2019,145.74,15335.75,48.36,110.88
Rajasthan,2019,86.65,35330.15,46.52,55.1
Sikkim,2019,168.62,8870.2,41.05,183.02
Tamil Nadu,2019,233.51,45560.25,26.22,250.33
Telangana,2019,155.41,22925.96,38.35,119.12
Tripura,2019,242.97,40094.41,49.31,250.8
Uttar Pradesh,2019,128.11,33604.06,27.09,85.24
Uttarakhand,2019,262.53,51596.08,28.29,280.72
West Bengal,2019,126.34,20743.85,60.81,96.46
Andhra Pradesh,2020,84.98,25312.62,25.12,54.09
Arunachal Pradesh,2020,181.22,16965.28,21.87,197.43
Assam,2020,70.51,18434.57,24.57,82.55
Bihar,2020,110.41,31850.35,59.45,130.99
Chhattisgarh,2020,198.54,19234.93,25.14,107.68
Goa,2020,297.95,35403.75,27.24,304.6
Gujarat,2020,210.64,23235.12,26.89,172.05
Haryana,2020,118.73,30901.37,30.79,61.31
Himachal Pradesh,2020,238.49,37588.81,26.23,230.23
Jharkhand,2020,153.15,39369.1,59.26,121.62
Karnataka,2020,282.05,34461.06,20.13,166.64
Kerala,2020,172.71,26730.55,46.71,175.58
Madhya Pradesh,2020,211.03,34732.8,58.51,209.77
Maharashtra,2020,141.37,32590.47,55.39,156.21
Manipur,2020,80.68,41674.38,37,43.19
Meghalaya,2020,237.2,15100.66,40.58,122.64
Mizoram,2020,210.43,54168.32,48.82,241.09
Nagaland,2020,295.42,23617.39,47.11,315.95
Odisha,2020,119.11,46729.75,45.85,104.16
Punjab,2020,105.21,15249.95,62.05,67.11
Rajasthan,2020,94.83,45787.66,49.94,113.7
Sikkim,2020,136.1,42292.16,31.34,131.23
Tamil Nadu,2020,163.09,17754.57,20.78,104.71
Telangana,2020,71.11,6674.81,41.19,62.29
Tripura,2020,209.57,22209.02,39.89,177.53
Uttar Pradesh,2020,203.52,35483.25,30.47,196.11
Uttarakhand,2020,58.91,29572.41,33.35,47.91
West Bengal,2020,280.58,26751.81,61.38,318.76
Andhra Pradesh,2021,147.92,24027.65,23.66,99.14
Arunachal Pradesh,2021,227.19,17324.36,62.78,208.6
Assam,2021,261.86,44307.62,50.68,222.41
Bihar,2021,165.86,19430.82,48.73,92.76
Chhattisgarh,2021,66.18,12654.61,54.35,55.47
Goa,2021,86.71,43969.26,43.93,79.22
Gujarat,2021,50.04,22642.87,59.37,59.77
Haryana,2021,160.16,18143.75,60.43,93.7
Himachal Pradesh,2021,276.68,45255.73,32.33,193.59
Jharkhand,2021,209.87,37884.4,56.65,112.82
Karnataka,2021,228.74,31816.29,25.52,262.08
Kerala,2021,328.6,21607.32,37.11,372.12
Madhya Pradesh,2021,79.77,7844.44,45.07,47.46
Maharashtra,2021,206.01,43102.5,33.97,209.4
Manipur,2021,269.78,29915.75,60.64,312.3
Meghalaya,2021,93.98,18582.23,30.17,86.57
Mizoram,2021,128.63,25555.92,58.55,90.93
Nagaland,2021,284.89,30395.09,50.38,285.31
Odisha,2021,297.11,23058.97,65.15,348.29
Punjab,2021,115.54,36500.06,22.96,60.63
Rajasthan,2021,141.06,7356.96,41.02,142.62
Sikkim,2021,102.33,35077.01,55.88,73.81
Tamil Nadu,2021,112.89,12019.65,46.75,111.51
Telangana,2021,225.49,8767.84,24.85,235.29
Tripura,2021,145.95,49774.95,35.06,116.47
Uttar Pradesh,2021,165.85,15740.85,31.36,182.75
Uttarakhand,2021,285.82,30698.72,60.17,342.57
West Bengal,2021,145.74,42279.41,63.11,115.29
Andhra Pradesh,2022,129.15,20083.21,60.4,105.88
Arunachal Pradesh,2022,243.83,24861.29,61.03,146.43
Assam,2022,267.85,38019.77,67.05,320.88
Bihar,2022,115.92,20724.33,59.58,103.39
Chhattisgarh,2022,271.96,11134.2,43.52,310.83
Goa,2022,42.5,18144.48,63.51,42.16
Gujarat,2022,239.49,18810.94,37.96,137.98
Haryana,2022,245.94,22307.48,51.41,147.34
Himachal Pradesh,2022,160.58,31644.86,21.45,146.55
Jharkhand,2022,256.36,20994.37,68.58,190.56
Karnataka,2022,184.46,38635.02,40.75,105.14
Kerala,2022,90.23,36160.82,63.82,67.76
Madhya Pradesh,2022,155.86,24406.83,49.52,79.04
Maharashtra,2022,249.99,14736.21,47.43,139.69
Manipur,2022,317.03,13249.83,70.24,230.79
Meghalaya,2022,208.23,29907.38,31.42,150.57
Mizoram,2022,236.57,34716.17,29.5,222.02
Nagaland,2022,78.78,34047.71,30.08,50.09
Odisha,2022,127.88,10651.52,37.93,75.13
Punjab,2022,237.76,41871.29,34.09,211
Rajasthan,2022,237.93,41941.42,30.75,283.61
Sikkim,2022,182.21,21352.2,55.28,147.8
Tamil Nadu,2022,249.89,14918.63,57.63,192.16
Telangana,2022,104.74,24453.07,55.91,110.44
Tripura,2022,221.37,28061.55,60.17,147.28
Uttar Pradesh,2022,285.15,14896.13,38.93,226.88
Uttarakhand,2022,168.73,10581.83,44.51,149.74
West Bengal,2022,151.43,40641.53,36.23,140.07
Andhra Pradesh,2023,207.63,37513.42,30.62,222.32
Arunachal Pradesh,2023,214.95,22531.83,64.05,226.63
Assam,2023,103.51,31763.48,45.15,53.82
Bihar,2023,139.17,34569.01,63.26,150.77
Chhattisgarh,2023,134.83,35339.6,65.23,121.14
Goa,2023,138.3,47033.2,61.83,101.43
Gujarat,2023,277.54,29900.14,67.45,192.92
Haryana,2023,98.08,23009.28,58.96,50.35
Himachal Pradesh,2023,291.14,37333.13,30.53,182.45
Jharkhand,2023,209.78,11044.92,24.85,196.11
Karnataka,2023,161.02,24328.2,45.77,168.08
Kerala,2023,149.43,20009.67,41.37,173.6
Madhya Pradesh,2023,190.53,39330.15,23.71,224.84
Maharashtra,2023,269.42,31360.5,58.66,155.58
Manipur,2023,145.13,27191.87,42.91,85.76
Meghalaya,2023,92.58,40465.02,42.33,50.77
Mizoram,2023,49.12,41524.34,31.23,48.16
Nagaland,2023,100.21,33378.06,42.21,65.76
Odisha,2023,184.48,24697.53,61.9,167.4
Punjab,2023,204,46813.55,61.69,123.13
Rajasthan,2023,276.91,43085.53,71.45,217.68
Sikkim,2023,284.36,13019.01,54.87,285.57
Tamil Nadu,2023,124.25,37764.13,64.89,63.22
Telangana,2023,190.41,32771.97,42.74,161.61
Tripura,2023,221.06,18561.44,19.71,228.62
Uttar Pradesh,2023,159.47,24690.48,28.41,175.68
Uttarakhand,2023,118.52,32141.81,30.6,62.58
West Bengal,2023,240.83,11522.77,48.49,247.45
Andhra Pradesh,2024,127.03,18410.76,45.14,109.4
Arunachal Pradesh,2024,179.27,23090.64,41.73,151.29
Assam,2024,246.54,32511.64,29.3,266.36
Bihar,2024,118.59,16226.21,64.66,124.51
Chhattisgarh,2024,125.15,23333.2,36.43,99.98
Goa,2024,192.51,47056.83,46.65,206.44
Gujarat,2024,129.09,47558.91,53.81,141.65
Haryana,2024,205.41,16387.11,68.83,175.17
Himachal Pradesh,2024,74.18,23552.72,28.65,64.66
Jharkhand,2024,50.24,46943.77,21.92,39.3
Karnataka,2024,184.75,33497.06,45.2,135.27
Kerala,2024,73.94,14371.1,55.41,87.74
Madhya Pradesh,2024,84.01,22572.66,38.88,99.29
Maharashtra,2024,127.01,41985.67,27.53,88.9
Manipur,2024,263.12,46907.19,43.42,267.42
Meghalaya,2024,213.67,27689.43,40.72,149.83
Mizoram,2024,275.98,36331.25,40.95,304.23
Nagaland,2024,180.3,25403.72,60.68,129.71
Odisha,2024,274.85,43591.56,39.52,271.96
Punjab,2024,228.76,28337.89,70.69,152.99
Rajasthan,2024,251.5,26247.21,23.17,239.99
Sikkim,2024,135.72,34646.32,60.74,86.83
Tamil Nadu,2024,216.56,15738.57,26.91,258.92
Telangana,2024,93.8,35343.43,58.75,77.96
Tripura,2024,171.61,36715.12,54.14,148.28
Uttar Pradesh,2024,68.18,45256.44,56.51,39.81
Uttarakhand,2024,85.29,29781.8,52.21,78.84
West Bengal,2024,323.88,29453.38,69.2,225.81
